,Eval 1,Eval 2,Eval 3,Eval 4,Eval 5,Eval 6,Eval 7,Eval 8,Eval 9,Eval 10,Eval 11,Eval 12,Eval 13,Eval 14,Eval 15,Eval 16,Eval 17,Eval 18,Eval 19,Eval 20,Eval 21,Eval 22,Eval 23,Eval 24,Eval 25,Eval 26,Eval 27,Eval 28,Eval 29,Eval 30,Eval 31,Eval 32,Eval 33,Eval 34,Eval 35,Eval 36,Eval 37,Eval 38,Eval 39,Eval 40,Eval 41,Eval 42,Eval 43,Eval 44,Eval 45,Eval 46,Eval 47,Eval 48,Eval 49,Eval 50,Eval 51,Eval 52,Eval 53,Eval 54,Eval 55,Eval 56,Eval 57,Eval 58,Eval 59,Eval 60,Eval 61,Eval 62,Eval 63,Eval 64,Eval 65,Eval 66,Eval 67,Eval 68,Eval 69,Eval 70,Eval 71,Eval 72,Eval 73,Eval 74,Eval 75,Eval 76,Eval 77,Eval 78,Eval 79,Eval 80,Eval 81,Eval 82,Eval 83,Eval 84,Eval 85,Eval 86,Eval 87,Eval 88,Eval 89,Eval 90,Eval 91,Eval 92,Eval 93,Eval 94,Eval 95,Eval 96,Eval 97,Eval 98,Eval 99,Eval 100
Model 1,0.969428,0.386164,0.485489,0.430317,0.530716,0.388528,0.827755,0.267341,0.656539,0.985168,0.06046,0.190532,0.44969,0.423682,0.252319,0.613083,0.869765,0.539296,0.628356,0.119566,0.480758,0.940853,0.424267,0.041545,0.58349,0.887536,0.354943,0.005779,0.746583,0.049015,0.221633,0.964166,0.90241,0.021279,0.002712,0.018929,0.602519,0.241094,0.614189,0.737246,0.3306,0.582023,0.477171,0.945003,0.790865,0.438667,0.876941,0.59122,0.142414,0.43495,0.137669,0.271831,0.991368,0.78829,0.977137,0.214982,0.550982,0.00514,0.452944,0.864309,0.29023,0.033607,0.31358,0.514735,0.890538,0.838161,0.089075,0.06238,0.74369,0.028917,0.083758,0.265502,0.799716,0.579362,0.985186,0.262361,0.43193,0.151537,0.95562,0.079866,0.622121,0.172847,0.353512,0.154253,0.476244,0.401986,0.992926,0.293294,0.367878,0.555852,0.117399,0.213588,0.363346,0.014051,0.947486,0.403642,0.898437,0.599574,0.927699,0.564041
Model 2,0.589845,0.813218,0.686118,0.835329,0.6371,0.619314,0.264799,0.436395,0.32427,0.325351,0.3032,0.391044,0.518952,0.007851,0.351735,0.432892,0.148832,0.950045,0.35902,0.961565,0.735065,0.176604,0.183236,0.603926,0.673011,0.135129,0.512406,0.238448,0.895894,0.256767,0.339467,0.276838,0.368721,0.701414,0.362313,0.135159,0.133117,0.709473,0.17484,0.152678,0.180122,0.296097,0.191603,0.826395,0.298185,0.271773,0.048257,0.991316,0.078711,0.911815,0.237828,0.560793,0.783646,0.536138,0.40055,0.542313,0.087312,0.190087,0.401196,0.612864,0.273076,0.98067,0.793506,0.375996,0.255329,0.121123,0.967922,0.482381,0.368271,0.13038,0.666156,0.713754,0.456872,0.915207,0.264864,0.540128,0.590709,0.350519,0.453407,0.334643,0.991975,0.67208,0.008579,0.827497,0.156368,0.828666,0.734228,0.201181,0.760052,0.831373,0.735962,0.235662,0.310126,0.596256,0.764042,0.808973,0.227606,0.927331,0.148757,0.15021
Model 3,0.350831,0.391568,0.285765,0.065802,0.158383,0.00724,0.215296,0.10236,0.685943,0.259103,0.074368,0.64198,0.863473,0.334868,0.015112,0.918728,0.417172,0.144628,0.582579,0.61688,0.747181,0.244262,0.187834,0.744996,0.777611,0.089767,0.935124,0.819333,0.61484,0.612894,0.199818,0.58427,0.257204,0.749601,0.297914,0.857977,0.998215,0.93585,0.220709,0.306993,0.087235,0.858887,0.675367,0.144236,0.678849,0.160949,0.887973,0.096668,0.673956,0.957911,0.119489,0.736469,0.542784,0.248841,0.493476,0.282065,0.942034,0.718697,0.588447,0.14769,0.165121,0.089262,0.541486,0.37822,0.220192,0.416306,0.84139,0.28607,0.554043,0.918746,0.59882,0.795046,0.899209,0.000221,0.768263,0.726457,0.731317,0.510716,0.085577,0.639709,0.118925,0.239017,0.192876,0.08381,0.849337,0.81998,0.164865,0.13685,0.056732,0.668307,0.000017,0.76458,0.238125,0.988824,0.840789,0.993229,0.6613,0.634109,0.934397,0.070893
Model 4,0.770439,0.145374,0.712696,0.162842,0.703701,0.950848,0.824322,0.554358,0.523786,0.700173,0.893778,0.143471,0.659967,0.586655,0.011086,0.90895,0.608039,0.014178,0.976419,0.773412,0.554415,0.125876,0.067182,0.479066,0.065836,0.193587,0.92433,0.055009,0.989976,0.965193,0.742965,0.42457,0.986492,0.199324,0.430365,0.375039,0.182862,0.17911,0.931962,0.741577,0.864199,0.913284,0.035563,0.260997,0.178208,0.818745,0.681501,0.176871,0.510346,0.02267,0.642563,0.332593,0.625266,0.963958,0.471445,0.30838,0.287233,0.587893,0.998416,0.653633,0.354075,0.865367,0.547363,0.037064,0.049322,0.052148,0.581957,0.752851,0.815997,0.598914,0.645107,0.596769,0.456472,0.908612,0.128505,0.245264,0.861898,0.865693,0.777146,0.833823,0.234131,0.568271,0.283391,0.299163,0.487444,0.230997,0.794961,0.92724,0.573083,0.597905,0.276649,0.464934,0.909456,0.935479,0.449892,0.380569,0.730098,0.946017,0.499613,0.042453
Model 5,0.463138,0.391114,0.016634,0.120681,0.215824,0.223378,0.669251,0.089415,0.725761,0.349586,0.237414,0.649576,0.060331,0.212996,0.212511,0.314984,0.780514,0.19619,0.275242,0.260333,0.453246,0.159571,0.370229,0.518215,0.519941,0.076961,0.018919,0.578202,0.96198,0.717829,0.466833,0.190288,0.864187,0.22115,0.54637,0.84195,0.969127,0.956252,0.269723,0.019413,0.893469,0.300921,0.622873,0.422649,0.518287,0.834129,0.8796,0.190503,0.208731,0.195422,0.233972,0.037608,0.188849,0.43468,0.924538,0.752308,0.798672,0.57421,0.582496,0.01377,0.892282,0.712317,0.328993,0.09849,0.960911,0.136939,0.082008,0.766259,0.445745,0.010329,0.804007,0.093813,0.344956,0.444609,0.844694,0.418629,0.725081,0.441581,0.021682,0.139632,0.610634,0.29066,0.712485,0.088698,0.072916,0.042932,0.681305,0.688063,0.663716,0.710191,0.836049,0.798783,0.628551,0.191632,0.915078,0.972907,0.705931,0.183237,0.884308,0.44758
Model 6,0.961042,0.912982,0.696892,0.447645,0.186995,0.900458,0.322185,0.741139,0.680805,0.331215,0.084761,0.792069,0.913398,0.927907,0.943046,0.638664,0.728819,0.232211,0.370196,0.735845,0.277093,0.304184,0.340778,0.556216,0.269864,0.344906,0.096854,0.933493,0.622452,0.076935,0.288371,0.819633,0.386007,0.921524,0.968141,0.62177,0.702886,0.158728,0.610205,0.715175,0.202398,0.394227,0.295504,0.196569,0.546623,0.548127,0.609553,0.882884,0.454445,0.582683,0.613562,0.498575,0.13371,0.244584,0.28799,0.400971,0.209222,0.842782,0.645922,0.833148,0.391339,0.0337,0.241194,0.256094,0.552437,0.442346,0.512773,0.056288,0.044115,0.133579,0.691899,0.888408,0.858919,0.469968,0.664909,0.748029,0.880646,0.941534,0.640913,0.159729,0.26928,0.732568,0.100059,0.936542,0.772661,0.115399,0.978553,0.895231,0.115427,0.316858,0.332553,0.984886,0.304642,0.760441,0.093328,0.026026,0.90543,0.402112,0.828494,0.053276
Model 7,0.142795,0.500501,0.776468,0.751242,0.391271,0.612205,0.65771,0.645515,0.910626,0.641755,0.828272,0.323182,0.073643,0.356487,0.206683,0.302334,0.216637,0.064017,0.217251,0.220122,0.318481,0.947262,0.719218,0.107834,0.731318,0.015393,0.963174,0.814867,0.553434,0.094438,0.22648,0.343123,0.825254,0.854966,0.009813,0.883252,0.99054,0.103923,0.411265,0.516686,0.02747,0.464694,0.079373,0.140366,0.637671,0.607934,0.66769,0.847259,0.200788,0.468655,0.107356,0.773885,0.232104,0.190794,0.105745,0.286308,0.602877,0.743027,0.613421,0.029159,0.912539,0.629561,0.773007,0.44358,0.222411,0.685673,0.703442,0.75076,0.53383,0.745604,0.817878,0.946408,0.068644,0.710087,0.956593,0.249848,0.391312,0.627401,0.111549,0.416639,0.741602,0.270048,0.882896,0.487229,0.161067,0.866598,0.249232,0.906184,0.491722,0.942655,0.900516,0.700737,0.597268,0.822608,0.328761,0.508844,0.952306,0.297627,0.318889,0.339693
Model 8,0.326474,0.069579,0.837636,0.149461,0.993821,0.874754,0.765251,0.234656,0.890733,0.923113,0.940598,0.047881,0.957225,0.649458,0.343659,0.284258,0.524063,0.383553,0.281321,0.110908,0.426557,0.295071,0.496274,0.753854,0.660883,0.370405,0.99328,0.375033,0.370849,0.386552,0.802121,0.192096,0.922933,0.614615,0.352372,0.660486,0.187403,0.949602,0.866157,0.185445,0.628946,0.042185,0.916016,0.749062,0.950663,0.927274,0.148237,0.43445,0.501322,0.655338,0.002563,0.546135,0.767403,0.332188,0.712759,0.437851,0.302216,0.810263,0.778361,0.557159,0.894519,0.837715,0.486177,0.316113,0.143237,0.54017,0.017421,0.996516,0.317825,0.260579,0.869327,0.689662,0.139782,0.454495,0.003677,0.216143,0.218691,0.034253,0.007718,0.988,0.902052,0.901216,0.749728,0.061115,0.235962,0.715647,0.56406,0.868774,0.206073,0.103347,0.376557,0.2414,0.752877,0.646305,0.445666,0.288713,0.366564,0.623855,0.207616,0.970443
Model 9,0.572133,0.722834,0.272797,0.30634,0.30242,0.10633,0.460334,0.663848,0.288955,0.27916,0.112784,0.475528,0.84674,0.479087,0.834827,0.853494,0.672133,0.362717,0.517533,0.986341,0.704414,0.172195,0.424274,0.102918,0.754795,0.512685,0.914957,0.765704,0.544452,0.633319,0.834182,0.516078,0.110483,0.988172,0.770663,0.317873,0.797277,0.146409,0.797259,0.991676,0.711197,0.885223,0.058678,0.409512,0.604146,0.015764,0.725086,0.021301,0.85813,0.552902,0.058475,0.909842,0.174709,0.071668,0.411179,0.195674,0.623831,0.779587,0.174548,0.339261,0.438799,0.988042,0.777943,0.330033,0.815894,0.267419,0.772084,0.671322,0.788969,0.396927,0.879517,0.671828,0.826337,0.673569,0.712239,0.84013,0.945723,0.809238,0.072487,0.137514,0.484991,0.924939,0.223195,0.806691,0.757291,0.876737,0.737992,0.000255,0.159368,0.57482,0.616932,0.016174,0.64792,0.519575,0.862287,0.326183,0.45608,0.484818,0.805639,0.083443
Model 10,0.180952,0.296219,0.964552,0.769932,0.457408,0.72777,0.330599,0.801449,0.966417,0.517586,0.216652,0.622541,0.597577,0.951821,0.270199,0.569381,0.338523,0.622489,0.60153,0.113005,0.464874,0.952009,0.426333,0.119795,0.073798,0.289798,0.405824,0.463244,0.788882,0.847671,0.699546,0.703998,0.723508,0.201547,0.727134,0.636528,0.129277,0.663031,0.410986,0.178775,0.332549,0.412197,0.757946,0.082784,0.163197,0.866103,0.516958,0.867469,0.711013,0.210462,0.092078,0.807204,0.731814,0.819078,0.625342,0.052294,0.987955,0.192885,0.735177,0.700379,0.818642,0.827887,0.000112,0.614504,0.656371,0.04891,0.722352,0.584716,0.961063,0.454584,0.349923,0.276398,0.00098,0.117237,0.103362,0.684966,0.31658,0.543493,0.588624,0.197866,0.282885,0.266868,0.034907,0.708508,0.676363,0.358577,0.38059,0.956748,0.136549,0.320302,0.900704,0.074918,0.862947,0.317916,0.820217,0.267976,0.603924,0.107943,0.021013,0.655114
Model 11,0.094723,0.269168,0.619144,0.046634,0.468119,0.140149,0.058068,0.629943,0.370074,0.447779,0.608191,0.927009,0.602549,0.386722,0.955178,0.426506,0.918822,0.112983,0.944779,0.824219,0.872363,0.3817,0.936631,0.899829,0.178672,0.62964,0.458822,0.512922,0.446398,0.609483,0.71454,0.592175,0.801564,0.600032,0.632675,0.487204,0.620536,0.707279,0.375908,0.834585,0.717562,0.249602,0.395482,0.592772,0.611655,0.468185,0.215087,0.267163,0.072623,0.383193,0.281079,0.787038,0.435784,0.915887,0.391943,0.584287,0.385133,0.561222,0.404498,0.130341,0.647238,0.417184,0.533218,0.75461,0.531417,0.161322,0.128757,0.656998,0.495276,0.569057,0.562089,0.672033,0.257593,0.049963,0.578686,0.139793,0.546432,0.063183,0.468837,0.61966,0.944249,0.293166,0.100619,0.502148,0.141954,0.936686,0.339799,0.413713,0.614864,0.827765,0.642341,0.453065,0.063621,0.364756,0.704238,0.700928,0.554007,0.015615,0.145176,0.621102
Model 12,0.554276,0.757368,0.639884,0.052189,0.295524,0.089742,0.127924,0.631232,0.680535,0.654395,0.47188,0.582738,0.292646,0.14172,0.283533,0.371238,0.000421,0.857936,0.19579,0.280049,0.582215,0.010345,0.563122,0.978561,0.72572,0.081493,0.990722,0.537382,0.980026,0.613852,0.958365,0.061258,0.64025,0.127615,0.041158,0.333541,0.487488,0.952862,0.822788,0.249512,0.785066,0.696844,0.457779,0.73015,0.166477,0.167594,0.160666,0.549019,0.099063,0.669238,0.661307,0.112742,0.304786,0.387204,0.520964,0.336225,0.371064,0.46655,0.046577,0.857252,0.779783,0.031998,0.685898,0.926147,0.689613,0.883156,0.614274,0.482361,0.468536,0.966243,0.398405,0.504639,0.764904,0.239256,0.404198,0.411241,0.202291,0.805734,0.068077,0.042547,0.435129,0.189796,0.684034,0.91282,0.032891,0.08934,0.631658,0.956323,0.861024,0.027466,0.67542,0.745348,0.808722,0.779856,0.687728,0.187724,0.02086,0.331332,0.60294,0.483635
Model 13,0.292471,0.122718,0.245189,0.253778,0.411293,0.735066,0.447855,0.340295,0.121103,0.428765,0.06494,0.125096,0.699849,0.652638,0.798757,0.140568,0.067744,0.225148,0.654858,0.303332,0.424581,0.575995,0.71878,0.946691,0.631179,0.986635,0.348197,0.658022,0.554386,0.668521,0.651356,0.297126,0.009551,0.911476,0.092587,0.601149,0.262829,0.138754,0.187996,0.816946,0.436751,0.142533,0.794635,0.162267,0.563065,0.080125,0.464063,0.255055,0.019844,0.361253,0.130533,0.714091,0.423282,0.265639,0.528026,0.671905,0.914251,0.996557,0.013539,0.780339,0.856671,0.425325,0.191944,0.434185,0.763384,0.806346,0.486178,0.42649,0.192507,0.423878,0.36207,0.775977,0.273201,0.560726,0.958162,0.58017,0.094928,0.89595,0.704559,0.848548,0.904874,0.968132,0.021683,0.952395,0.070665,0.625103,0.984402,0.288264,0.320795,0.486925,0.168032,0.297955,0.540677,0.746623,0.324541,0.664208,0.42463,0.665961,0.680886,0.695724
Model 14,0.21322,0.844444,0.642355,0.217536,0.851663,0.640136,0.564139,0.74133,0.406279,0.943351,0.824421,0.32097,0.618151,0.672295,0.797002,0.182065,0.407331,0.8449,0.108786,0.659257,0.089374,0.483703,0.452358,0.602226,0.75235,0.924149,0.191678,0.351971,0.116102,0.846529,0.758299,0.058025,0.747745,0.296476,0.525722,0.593209,0.867053,0.861885,0.681399,0.919119,0.667375,0.489788,0.779543,0.669856,0.030916,0.468146,0.981732,0.943891,0.696012,0.823222,0.827963,0.047209,0.601182,0.175587,0.027078,0.959018,0.155448,0.094808,0.099147,0.695041,0.159532,0.826101,0.027229,0.687137,0.294709,0.540178,0.732052,0.958075,0.637981,0.661242,0.058355,0.604389,0.974151,0.644834,0.865206,0.081519,0.882784,0.199541,0.21292,0.333336,0.682354,0.766247,0.256667,0.001809,0.625696,0.307963,0.649805,0.398595,0.878658,0.107439,0.134935,0.998356,0.169793,0.432102,0.903727,0.636438,0.216166,0.288788,0.281568,0.35675
Model 15,0.621611,0.737832,0.663507,0.659361,0.14889,0.23214,0.162409,0.079331,0.284357,0.692449,0.131394,0.47914,0.283121,0.499716,0.492454,0.966458,0.529538,0.453713,0.14916,0.682234,0.974569,0.990615,0.087155,0.231714,0.064846,0.068926,0.051045,0.970536,0.640824,0.378423,0.547242,0.588247,0.138106,0.090301,0.304195,0.8028,0.94081,0.522946,0.512684,0.99805,0.583219,0.740651,0.949711,0.789817,0.410061,0.345749,0.826372,0.811275,0.352861,0.591375,0.882944,0.309397,0.982558,0.562505,0.853925,0.544985,0.030148,0.179895,0.227956,0.287999,0.407748,0.984256,0.25752,0.719146,0.892687,0.811122,0.818931,0.680185,0.715538,0.619073,0.65236,0.99871,0.58236,0.069261,0.548381,0.419346,0.942837,0.141576,0.585878,0.341753,0.723307,0.387117,0.456569,0.005315,0.586204,0.541387,0.213074,0.890497,0.985149,0.557479,0.634525,0.116675,0.658061,0.743346,0.461376,0.818331,0.704726,0.097111,0.338387,0.942635
Model 16,0.631012,0.2054,0.343979,0.332468,0.203285,0.321417,0.755733,0.157717,0.040713,0.596001,0.015234,0.690601,0.091503,0.715224,0.789192,0.737201,0.415676,0.114719,0.341055,0.055319,0.334009,0.333204,0.571591,0.783396,0.706758,0.324096,0.831491,0.69009,0.158726,0.101364,0.166017,0.871209,0.145323,0.364492,0.821318,0.225171,0.191009,0.927934,0.072871,0.799751,0.385607,0.821148,0.040488,0.471369,0.487809,0.962066,0.027654,0.400502,0.267579,0.589813,0.956122,0.367045,0.42705,0.415852,0.20502,0.540543,0.425649,0.675259,0.411076,0.174476,0.227382,0.596041,0.434985,0.995593,0.813046,0.650406,0.87924,0.878936,0.735567,0.430028,0.284659,0.400766,0.013474,0.468103,0.840154,0.574396,0.7983,0.942574,0.515343,0.386818,0.837062,0.007392,0.045521,0.5036,0.537482,0.63346,0.767831,0.306603,0.380995,0.078348,0.212607,0.98799,0.603363,0.389794,0.954447,0.982312,0.301774,0.422943,0.636968,0.116795
Model 17,0.920469,0.744603,0.803342,0.007572,0.636815,0.19728,0.239429,0.853848,0.969767,0.447794,0.906415,0.986186,0.928187,0.23169,0.795668,0.657699,0.774363,0.164558,0.936787,0.195725,0.03575,0.121961,0.233233,0.832683,0.500429,0.283796,0.51842,0.113496,0.142248,0.321662,0.453306,0.01693,0.656983,0.599437,0.91707,0.169982,0.465649,0.969728,0.911811,0.252839,0.372319,0.333015,0.952796,0.779079,0.489629,0.752808,0.532293,0.711695,0.177989,0.150082,0.663813,0.632613,0.008438,0.977081,0.786393,0.004503,0.237697,0.982158,0.431466,0.829827,0.818642,0.994714,0.663526,0.953353,0.573638,0.601916,0.531522,0.2222,0.917846,0.169877,0.034075,0.58638,0.984142,0.401896,0.513537,0.24723,0.678972,0.374483,0.71637,0.495422,0.301276,0.975115,0.660342,0.08947,0.680314,0.157343,0.519758,0.01153,0.819216,0.235422,0.8329,0.002957,0.036029,0.537774,0.900268,0.81691,0.041496,0.372468,0.306325,0.675472
Model 18,0.548453,0.443141,0.91167,0.075994,0.417905,0.30974,0.583198,0.619132,0.783644,0.231786,0.337866,0.21695,0.744686,0.206204,0.582183,0.161637,0.36161,0.315136,0.354424,0.257496,0.932346,0.02461,0.815651,0.371018,0.028936,0.466918,0.026325,0.92216,0.149847,0.368014,0.862213,0.409623,0.20975,0.333305,0.965391,0.225906,0.260878,0.611683,0.366674,0.018732,0.930609,0.632721,0.563305,0.326164,0.301757,0.593483,0.392287,0.478021,0.920707,0.524254,0.856576,0.664218,0.789841,0.750123,0.217107,0.617338,0.635694,0.443296,0.346112,0.100585,0.736584,0.294915,0.91055,0.584909,0.8933,0.075486,0.162206,0.836351,0.479791,0.721758,0.451465,0.409099,0.695534,0.595888,0.120833,0.605659,0.427042,0.539306,0.10462,0.104967,0.831617,0.772285,0.871671,0.343812,0.64255,0.950252,0.856928,0.497002,0.835098,0.058345,0.639351,0.209882,0.283055,0.638365,0.410649,0.630132,0.281723,0.095523,0.631828,0.567576
Model 19,0.722488,0.674619,0.397117,0.394821,0.537998,0.388751,0.724932,0.697482,0.583953,0.467901,0.424473,0.406126,0.114233,0.405774,0.207964,0.403297,0.148011,0.003521,0.563867,0.199824,0.367471,0.929381,0.777651,0.434419,0.989759,0.703707,0.016963,0.300492,0.124921,0.909334,0.132447,0.273899,0.836521,0.319815,0.87419,0.134896,0.254614,0.292936,0.013893,0.777948,0.865891,0.354943,0.42341,0.29394,0.370053,0.731975,0.866527,0.100022,0.953748,0.154366,0.642487,0.224338,0.837752,0.530525,0.211785,0.526294,0.859622,0.469407,0.347597,0.137277,0.449211,0.092839,0.746429,0.167247,0.50437,0.682015,0.854709,0.92678,0.659714,0.103946,0.854122,0.928038,0.906916,0.820856,0.494242,0.953624,0.335797,0.26302,0.686628,0.214649,0.69848,0.267792,0.121064,0.959224,0.594792,0.985822,0.461263,0.224992,0.641106,0.946459,0.589287,0.919604,0.167444,0.094779,0.289621,0.167973,0.483718,0.525893,0.054061,0.434511
Model 20,0.612313,0.787694,0.222757,0.178063,0.10849,0.912574,0.637377,0.653207,0.847234,0.641251,0.654932,0.380537,0.347635,0.760902,0.763474,0.953857,0.872361,0.569126,0.269254,0.884009,0.479076,0.176278,0.462643,0.035109,0.868664,0.746676,0.202425,0.561471,0.368927,0.972069,0.739557,0.9113,0.571129,0.209405,0.741171,0.797147,0.27329,0.438347,0.413134,0.186332,0.204675,0.100956,0.192109,0.56565,0.792857,0.224223,0.910214,0.945902,0.803892,0.151449,0.493826,0.946309,0.594721,0.707759,0.76922,0.376509,0.421849,0.689922,0.814783,0.12247,0.925624,0.437418,0.513344,0.446911,0.51996,0.190483,0.733255,0.103993,0.091461,0.578899,0.459635,0.885687,0.285931,0.953743,0.833078,0.58985,0.504861,0.223144,0.781512,0.888501,0.98768,0.501801,0.571571,0.165174,0.923146,0.30174,0.198127,0.902582,0.433632,0.85262,0.846917,0.258423,0.121251,0.436048,0.55705,0.126508,0.076073,0.936826,0.764896,0.440071
Model 21,0.478135,0.255621,0.69481,0.726114,0.859444,0.77202,0.574914,0.42755,0.666641,0.242395,0.033079,0.448589,0.088679,0.475722,0.650479,0.026306,0.088781,0.857053,0.591344,0.749484,0.237817,0.513598,0.769201,0.274001,0.1955,0.67875,0.699863,0.833717,0.462169,0.542005,0.967175,0.753973,0.178309,0.299841,0.908509,0.996478,0.680809,0.492326,0.439271,0.163237,0.07453,0.326896,0.272294,0.077311,0.123359,0.191739,0.062829,0.742115,0.545753,0.484997,0.21466,0.085912,0.378223,0.485716,0.570904,0.844358,0.448459,0.971532,0.233574,0.509149,0.273861,0.889289,0.560147,0.162194,0.368456,0.17781,0.317657,0.856072,0.417212,0.385919,0.87747,0.574519,0.652794,0.679276,0.443949,0.89698,0.12179,0.975912,0.812968,0.048516,0.593725,0.097143,0.065186,0.821848,0.835672,0.568944,0.93373,0.13498,0.679085,0.153082,0.448402,0.328145,0.926049,0.688543,0.690264,0.352291,0.591324,0.189325,0.029998,0.039552
Model 22,0.996399,0.205625,0.218876,0.663114,0.012046,0.976081,0.012229,0.640271,0.289598,0.288242,0.172627,0.287285,0.857693,0.016349,0.332791,0.536066,0.105809,0.229483,0.667558,0.828417,0.194769,0.091377,0.963325,0.668177,0.522535,0.307414,0.340425,0.504818,0.530971,0.255408,0.980273,0.636056,0.232968,0.289298,0.71722,0.001097,0.315421,0.942004,0.408307,0.357081,0.942484,0.211096,0.459973,0.34649,0.799075,0.036888,0.5009,0.490081,0.516515,0.927113,0.803489,0.057573,0.541942,0.710839,0.811364,0.483477,0.361623,0.708002,0.687978,0.222787,0.412452,0.371463,0.948058,0.697647,0.50977,0.749768,0.422476,0.616343,0.453231,0.670006,0.904976,0.251387,0.705741,0.00749,0.430263,0.572716,0.469905,0.737816,0.391546,0.505966,0.963781,0.367079,0.47551,0.477818,0.357622,0.863418,0.118849,0.582688,0.972225,0.408832,0.323997,0.358659,0.751618,0.662527,0.97127,0.010899,0.896349,0.987721,0.09313,0.356492
Model 23,0.377755,0.54859,0.392925,0.524965,0.361635,0.511266,0.616315,0.062397,0.551916,0.587059,0.543257,0.966076,0.685578,0.946215,0.746028,0.195251,0.194941,0.616881,0.247646,0.847873,0.111418,0.623876,0.79335,0.979311,0.276327,0.686179,0.300265,0.42061,0.102944,0.509992,0.584219,0.733864,0.87437,0.896965,0.095484,0.336171,0.131122,0.582205,0.072115,0.058529,0.563507,0.478389,0.533716,0.407317,0.310493,0.450435,0.46181,0.577444,0.367799,0.553621,0.532011,0.933293,0.545194,0.537366,0.281658,0.126819,0.816782,0.920041,0.262863,0.507809,0.405491,0.955167,0.839212,0.352532,0.783733,0.165804,0.363822,0.420846,0.434643,0.374795,0.673465,0.481516,0.029973,0.499477,0.4642,0.199768,0.359683,0.588285,0.069608,0.805871,0.425776,0.072211,0.608465,0.043038,0.330934,0.88601,0.860651,0.136802,0.757142,0.110206,0.156826,0.168364,0.710243,0.175404,0.667912,0.783896,0.076891,0.482005,0.53774,0.786464
Model 24,0.587317,0.413795,0.505314,0.544836,0.458728,0.940699,0.992233,0.088426,0.082313,0.994286,0.382722,0.913761,0.091926,0.666279,0.800964,0.884156,0.548788,0.538629,0.71229,0.744777,0.748876,0.644372,0.647813,0.135898,0.431708,0.975052,0.130135,0.021725,0.511704,0.937988,0.055048,0.901722,0.551664,0.156005,0.420927,0.150483,0.136462,0.154707,0.406712,0.427993,0.255097,0.533812,0.742028,0.855584,0.925193,0.082739,0.600934,0.381706,0.760694,0.024535,0.973452,0.770599,0.426938,0.232726,0.027203,0.690127,0.849885,0.853045,0.363695,0.336476,0.307294,0.089075,0.625274,0.036904,0.927332,0.658475,0.732642,0.402999,0.107328,0.390919,0.12226,0.633867,0.17599,0.863014,0.614142,0.131022,0.769708,0.795402,0.036392,0.399653,0.914544,0.191519,0.223191,0.492701,0.850931,0.455634,0.117805,0.986513,0.917056,0.653236,0.912181,0.29621,0.972088,0.68125,0.075354,0.978651,0.177883,0.832784,0.870828,0.397577
Model 25,0.00803,0.520935,0.05359,0.697063,0.944472,0.070418,0.190781,0.813082,0.286739,0.67389,0.651585,0.869956,0.716165,0.561741,0.027069,0.674341,0.633284,0.540391,0.945348,0.747731,0.462562,0.803393,0.156219,0.113542,0.355562,0.364261,0.688188,0.832836,0.886399,0.722734,0.629525,0.99324,0.370621,0.696073,0.350568,0.527055,0.943898,0.90471,0.58438,0.806716,0.565374,0.495115,0.311238,0.608006,0.835683,0.593957,0.75821,0.052315,0.771473,0.122145,0.369949,0.090195,0.261404,0.640891,0.673352,0.962073,0.628488,0.322782,0.521208,0.389148,0.23876,0.63312,0.452196,0.945312,0.562946,0.322521,0.836074,0.277196,0.685151,0.877209,0.806127,0.617491,0.146229,0.133489,0.331243,0.851789,0.078165,0.603639,0.736258,0.544917,0.783807,0.124323,0.132548,0.320016,0.090876,0.374829,0.072876,0.875941,0.699486,0.872421,0.476545,0.561372,0.453321,0.333229,0.221702,0.314843,0.450698,0.660284,0.202963,0.514074
Model 26,0.795808,0.564613,0.160398,0.933974,0.636563,0.021341,0.418086,0.594811,0.860491,0.437904,0.87492,0.736173,0.931605,0.014352,0.352631,0.259074,0.480774,0.119655,0.140232,0.902583,0.776984,0.839342,0.587005,0.315997,0.055247,0.947834,0.244292,0.157915,0.440212,0.864384,0.745124,0.821264,0.658162,0.621987,0.767881,0.736566,0.174685,0.532911,0.914485,0.221222,0.433891,0.405987,0.845101,0.193572,0.972884,0.661596,0.69569,0.789281,0.212853,0.269125,0.330899,0.212686,0.059316,0.884643,0.974123,0.95213,0.890436,0.412861,0.450896,0.601607,0.329193,0.675341,0.51106,0.264862,0.130596,0.792693,0.328169,0.311217,0.788835,0.484293,0.869219,0.503849,0.077617,0.494428,0.363799,0.939157,0.132383,0.069378,0.441812,0.491784,0.992353,0.993545,0.637376,0.096072,0.596324,0.938325,0.255073,0.425343,0.69647,0.058318,0.608952,0.474389,0.291252,0.207649,0.416436,0.487625,0.47695,0.040676,0.954438,0.55494
Model 27,0.283995,0.935362,0.797474,0.706163,0.900878,0.834453,0.242957,0.002866,0.698073,0.365497,0.470883,0.043205,0.594867,0.690289,0.058887,0.315726,0.948118,0.207776,0.822171,0.351813,0.119229,0.765611,0.295923,0.750768,0.52742,0.604003,0.723646,0.158239,0.915952,0.908894,0.191414,0.164882,0.817223,0.060603,0.748842,0.216962,0.955665,0.601503,0.352565,0.315747,0.063233,0.650925,0.607094,0.165553,0.884325,0.654415,0.033353,0.090396,0.025047,0.756679,0.079173,0.533015,0.879264,0.389222,0.135759,0.197166,0.721626,0.428771,0.139889,0.141894,0.082498,0.682182,0.567582,0.776791,0.716634,0.151335,0.255838,0.589631,0.372219,0.659403,0.748474,0.318009,0.073879,0.86431,0.491174,0.124474,0.816306,0.632528,0.241924,0.233577,0.21422,0.608384,0.542238,0.402237,0.476995,0.593922,0.769728,0.870795,0.73459,0.062484,0.7076,0.728818,0.616026,0.394625,0.111161,0.288169,0.031777,0.560692,0.350339,0.537235
Model 28,0.027734,0.100241,0.085449,0.512435,0.899427,0.67411,0.993493,0.983398,0.981154,0.158654,0.054221,0.517345,0.202926,0.382795,0.469724,0.123965,0.338978,0.607025,0.876234,0.485762,0.271923,0.512248,0.79218,0.431467,0.659375,0.862954,0.706465,0.206961,0.955816,0.708702,0.426268,0.712203,0.280807,0.075401,0.016745,0.597147,0.051828,0.089428,0.03198,0.383156,0.75644,0.07745,0.80593,0.935885,0.373552,0.475949,0.276524,0.295178,0.404525,0.555231,0.886511,0.943108,0.470275,0.422249,0.6229,0.940172,0.730991,0.947073,0.068129,0.306698,0.190912,0.802663,0.417864,0.672393,0.83193,0.55565,0.533711,0.482461,0.709513,0.677785,0.499405,0.691469,0.577773,0.317397,0.954273,0.306516,0.788219,0.8905,0.901916,0.370145,0.216815,0.523575,0.015806,0.499194,0.695804,0.346562,0.576572,0.118998,0.875761,0.560896,0.457008,0.213236,0.674703,0.47825,0.295043,0.716038,0.662634,0.968586,0.223816,0.151893
Model 29,0.262732,0.488294,0.653069,0.003777,0.626478,0.323759,0.562252,0.176239,0.537681,0.598608,0.493472,0.608677,0.624499,0.301926,0.909973,0.989468,0.352386,0.583423,0.210568,0.970112,0.256297,0.578894,0.910024,0.495691,0.857911,0.65684,0.292972,0.977148,0.334867,0.03328,0.541136,0.882994,0.42154,0.035422,0.665143,0.933552,0.760562,0.889891,0.673153,0.659948,0.335926,0.811028,0.573807,0.083182,0.337579,0.778755,0.281345,0.01427,0.29911,0.709094,0.350163,0.773812,0.756445,0.839192,0.932512,0.571632,0.234567,0.243003,0.459719,0.290918,0.759171,0.979879,0.748579,0.074082,0.355878,0.294872,0.988055,0.47531,0.852362,0.637973,0.466887,0.861075,0.20635,0.761219,0.064283,0.167971,0.59294,0.231147,0.948554,0.154179,0.805059,0.693092,0.679484,0.473738,0.433593,0.147767,0.693935,0.689968,0.763654,0.92279,0.648345,0.999976,0.593466,0.673831,0.177333,0.522504,0.305234,0.172622,0.386303,0.109942
Model 30,0.01526,0.024737,0.976257,0.194172,0.285504,0.112868,0.434362,0.532503,0.615318,0.940936,0.172343,0.610599,0.272561,0.494079,0.918968,0.894128,0.633174,0.125906,0.584014,0.50617,0.720419,0.598832,0.332819,0.486221,0.02517,0.053159,0.223277,0.799467,0.618635,0.363372,0.771097,0.713585,0.223434,0.455412,0.084452,0.048007,0.506083,0.982804,0.246055,0.532821,0.210903,0.622683,0.801024,0.165942,0.243074,0.037847,0.117071,0.017903,0.276112,0.544059,0.405846,0.511651,0.631891,0.795334,0.927606,0.991563,0.958079,0.168701,0.71214,0.632367,0.704286,0.770249,0.379254,0.22463,0.98667,0.850738,0.781223,0.486555,0.069746,0.995039,0.335917,0.831268,0.525544,0.96248,0.179181,0.710931,0.613329,0.256575,0.202563,0.579945,0.176886,0.281716,0.681519,0.801019,0.816552,0.808368,0.228799,0.394209,0.921204,0.348385,0.958206,0.067319,0.043247,0.56998,0.742457,0.067398,0.619481,0.500739,0.034064,0.224134
Model 31,0.590265,0.348864,0.102316,0.945794,0.502063,0.594595,0.126768,0.431089,0.823168,0.289106,0.175345,0.681839,0.191964,0.429314,0.403493,0.530155,0.642568,0.409281,0.29963,0.768498,0.629236,0.097422,0.129928,0.167542,0.760038,0.282999,0.782431,0.042651,0.241005,0.292181,0.822304,0.698528,0.047617,0.311637,0.411453,0.689116,0.829442,0.596406,0.907014,0.100169,0.844615,0.327383,0.511016,0.314838,0.98464,0.998292,0.558814,0.370143,0.370446,0.156896,0.790852,0.650028,0.595695,0.88731,0.832882,0.842549,0.289524,0.509366,0.268333,0.939097,0.417156,0.774787,0.509928,0.707577,0.97557,0.237434,0.799784,0.244482,0.29131,0.936218,0.280002,0.600603,0.574883,0.317769,0.635144,0.530492,0.837279,0.700624,0.065491,0.46839,0.73391,0.239903,0.235265,0.643345,0.119389,0.997617,0.848821,0.828973,0.060796,0.667057,0.169727,0.677611,0.034683,0.953396,0.968206,0.226537,0.883173,0.979074,0.22818,0.653791
Model 32,0.877425,0.891547,0.072986,0.334869,0.814536,0.698202,0.953211,0.486634,0.701623,0.251594,0.398218,0.376266,0.361491,0.589916,0.492138,0.172382,0.885337,0.334142,0.037545,0.262854,0.067451,0.371794,0.912457,0.621696,0.392706,0.755228,0.327888,0.20409,0.57072,0.313923,0.479457,0.001326,0.386624,0.3489,0.957824,0.58738,0.123041,0.443969,0.181635,0.250371,0.421814,0.789075,0.614296,0.897395,0.861266,0.052413,0.457926,0.572412,0.766548,0.458988,0.857469,0.672734,0.037928,0.941787,0.957634,0.547924,0.498896,0.264427,0.898972,0.057211,0.378099,0.467178,0.655627,0.904674,0.997481,0.285206,0.930831,0.672432,0.252927,0.256113,0.500325,0.749919,0.992012,0.31381,0.077839,0.861167,0.948342,0.165866,0.894699,0.466395,0.972028,0.775584,0.106182,0.195472,0.35521,0.050571,0.212086,0.448935,0.905667,0.535584,0.480013,0.208783,0.120388,0.467828,0.953827,0.854386,0.722786,0.582656,0.788313,0.368942
Model 33,0.548299,0.283407,0.417234,0.011114,0.446648,0.680425,0.758183,0.004276,0.310306,0.515654,0.634662,0.24282,0.909621,0.863916,0.9657,0.47491,0.667974,0.671599,0.761877,0.131692,0.25727,0.824542,0.726606,0.239168,0.933185,0.96833,0.075526,0.334324,0.831792,0.588929,0.039439,0.396524,0.599962,0.382532,0.894624,0.588774,0.316182,0.390227,0.719818,0.836151,0.291323,0.224743,0.616483,0.461266,0.576171,0.537244,0.072562,0.932279,0.334865,0.928598,0.884916,0.92333,0.340398,0.762285,0.609985,0.540816,0.523432,0.97377,0.266474,0.938285,0.963125,0.78262,0.053004,0.917545,0.672465,0.616913,0.816713,0.963153,0.869925,0.763793,0.566065,0.389428,0.746305,0.859795,0.143507,0.612946,0.246738,0.971405,0.468794,0.287372,0.230086,0.288559,0.664292,0.349645,0.994429,0.243737,0.582499,0.589809,0.238415,0.445942,0.908266,0.543902,0.07561,0.683831,0.614503,0.398726,0.322164,0.244606,0.429974,0.472361
Model 34,0.609926,0.918235,0.821623,0.153443,0.978129,0.325646,0.180197,0.19357,0.069897,0.859895,0.305886,0.736535,0.301521,0.698558,0.747181,0.518771,0.203248,0.361615,0.175209,0.829787,0.817711,0.944805,0.191975,0.626242,0.302853,0.344732,0.889045,0.707608,0.037012,0.490584,0.032443,0.262744,0.447431,0.18024,0.268603,0.211719,0.630648,0.03839,0.717904,0.066593,0.919327,0.383462,0.463664,0.332246,0.075181,0.828978,0.128951,0.97479,0.216793,0.674329,0.136162,0.403152,0.371928,0.056949,0.053174,0.370647,0.527295,0.644723,0.526924,0.484159,0.183665,0.736928,0.606785,0.112505,0.410595,0.204121,0.642364,0.275235,0.639312,0.042547,0.225161,0.754626,0.964876,0.384776,0.075495,0.371435,0.751233,0.91636,0.315817,0.613589,0.882695,0.771715,0.031534,0.555518,0.485981,0.495726,0.411178,0.262259,0.103696,0.484406,0.639716,0.568636,0.792477,0.673326,0.945791,0.024067,0.796096,0.402164,0.34697,0.351495
Model 35,0.928702,0.996411,0.411894,0.02833,0.955457,0.179337,0.673137,0.326424,0.781624,0.950301,0.268143,0.451729,0.329764,0.596959,0.384765,0.056173,0.730941,0.351107,0.368753,0.52818,0.662732,0.807049,0.227558,0.225766,0.306902,0.882849,0.99025,0.241808,0.841359,0.777565,0.114452,0.197384,0.190277,0.244163,0.373851,0.964055,0.354519,0.049603,0.140335,0.394935,0.886149,0.571749,0.732327,0.06797,0.440047,0.137074,0.382992,0.02381,0.257101,0.240409,0.648423,0.663768,0.515854,0.110822,0.947145,0.087519,0.336904,0.637811,0.914037,0.831541,0.024586,0.398774,0.003412,0.68826,0.914268,0.255454,0.742762,0.03239,0.934781,0.504517,0.081324,0.236564,0.388898,0.458012,0.519806,0.777355,0.952501,0.783405,0.364709,0.2294,0.001472,0.451189,0.23339,0.093689,0.792424,0.12302,0.129418,0.439888,0.334792,0.140011,0.661291,0.708246,0.316964,0.136506,0.491942,0.209019,0.498072,0.14983,0.225953,0.648351
Model 36,0.021327,0.531122,0.008702,0.064769,0.754181,0.847507,0.068436,0.673883,0.807974,0.081834,0.648522,0.862548,0.21774,0.792491,0.917812,0.781538,0.29689,0.782735,0.503672,0.213974,0.218907,0.784912,0.451227,0.267913,0.844941,0.488713,0.125736,0.156209,0.145456,0.55737,0.16554,0.334065,0.91532,0.405372,0.758648,0.076528,0.782326,0.015245,0.447275,0.950618,0.307047,0.267315,0.352344,0.543256,0.557988,0.965289,0.980068,0.706276,0.04291,0.259947,0.150431,0.7546,0.120077,0.592956,0.67969,0.219535,0.595395,0.773197,0.154252,0.661106,0.267271,0.348981,0.964862,0.200707,0.95089,0.080012,0.860389,0.595424,0.581009,0.405491,0.949087,0.419381,0.540924,0.961845,0.079129,0.770254,0.797832,0.650911,0.139437,0.589892,0.428904,0.086852,0.42257,0.755312,0.497974,0.426589,0.650157,0.540785,0.693834,0.201985,0.716603,0.572778,0.578432,0.001156,0.670298,0.581085,0.13782,0.423009,0.66429,0.994342
Model 37,0.653346,0.296228,0.885067,0.076971,0.159685,0.510352,0.097604,0.955074,0.316927,0.642554,0.597975,0.452761,0.184008,0.348495,0.534483,0.157541,0.282871,0.587245,0.395174,0.536016,0.458239,0.665575,0.918056,0.24201,0.923878,0.906514,0.039135,0.533402,0.791252,0.752326,0.848877,0.883521,0.413913,0.865017,0.00861,0.86343,0.553765,0.046751,0.371197,0.397138,0.863171,0.814301,0.112054,0.431316,0.901041,0.690704,0.627266,0.212888,0.364186,0.347391,0.371296,0.966542,0.809386,0.862486,0.783705,0.833786,0.667994,0.084486,0.437321,0.400263,0.627639,0.895858,0.706578,0.000352,0.237787,0.506836,0.212753,0.009876,0.119341,0.883477,0.139344,0.282334,0.431096,0.217229,0.989146,0.822751,0.427158,0.155932,0.751144,0.996141,0.687924,0.626647,0.453274,0.778637,0.841095,0.897474,0.186062,0.629035,0.650849,0.914502,0.275229,0.151036,0.274279,0.387474,0.830498,0.565185,0.700437,0.745915,0.770453,0.662641
Model 38,0.090763,0.26159,0.410757,0.505059,0.809816,0.725629,0.800149,0.533426,0.117024,0.291991,0.407674,0.286505,0.726424,0.994642,0.910564,0.651323,0.698793,0.445618,0.391883,0.891459,0.322932,0.377845,0.862195,0.574718,0.310372,0.102178,0.767631,0.404931,0.518509,0.158099,0.003593,0.719393,0.007279,0.601413,0.829272,0.923701,0.274987,0.742355,0.664829,0.112584,0.618601,0.15179,0.752342,0.89747,0.76705,0.230323,0.401722,0.13931,0.046745,0.725702,0.256948,0.949119,0.621475,0.83207,0.222522,0.020964,0.142454,0.43964,0.653075,0.798398,0.386515,0.13087,0.465797,0.45394,0.433256,0.5433,0.89284,0.951894,0.128914,0.762034,0.903954,0.257435,0.201569,0.427485,0.116424,0.139729,0.985001,0.831973,0.067459,0.208441,0.910377,0.832498,0.311988,0.963152,0.760294,0.87007,0.151007,0.390809,0.029662,0.45399,0.977405,0.782174,0.391733,0.357257,0.500064,0.111955,0.273542,0.392039,0.012309,0.022221
Model 39,0.998531,0.88363,0.212926,0.505555,0.309251,0.423858,0.480405,0.334332,0.450988,0.182634,0.510649,0.96902,0.12049,0.588072,0.977122,0.307285,0.235383,0.896789,0.711432,0.299866,0.604468,0.166034,0.603908,0.040399,0.562144,0.789148,0.192129,0.546942,0.887964,0.322702,0.601625,0.872117,0.982581,0.397893,0.765374,0.587467,0.990106,0.282851,0.812797,0.966674,0.086937,0.292987,0.572114,0.819443,0.990454,0.722248,0.766844,0.175333,0.500989,0.915861,0.63101,0.191055,0.513552,0.614127,0.227628,0.430688,0.966511,0.053328,0.801522,0.710455,0.311074,0.685774,0.994145,0.930147,0.423368,0.453002,0.751302,0.441368,0.702858,0.722373,0.632227,0.762364,0.311215,0.174149,0.560801,0.978233,0.223945,0.901933,0.594586,0.866309,0.281574,0.147345,0.607361,0.539213,0.855925,0.436097,0.310735,0.07344,0.076746,0.525233,0.209626,0.331478,0.313924,0.782898,0.515895,0.882034,0.317487,0.114373,0.221604,0.785876
Model 40,0.1135,0.800635,0.295459,0.867974,0.866169,0.647571,0.794322,0.849301,0.014582,0.911238,0.197461,0.174659,0.475211,0.9363,0.189134,0.317754,0.98853,0.084448,0.607889,0.680099,0.676795,0.096321,0.617532,0.155785,0.381483,0.271815,0.556828,0.272683,0.117166,0.099834,0.962296,0.555186,0.081868,0.153113,0.15557,0.577526,0.546676,0.172707,0.058448,0.86267,0.114615,0.433628,0.979753,0.147293,0.948638,0.963232,0.923919,0.092423,0.293108,0.916268,0.066553,0.619088,0.034038,0.900183,0.264945,0.976136,0.048714,0.830245,0.654056,0.606702,0.755816,0.643113,0.887101,0.044176,0.061318,0.570314,0.755428,0.104947,0.722028,0.818563,0.469821,0.797559,0.862373,0.667514,0.993216,0.550244,0.930186,0.828597,0.045958,0.848281,0.876557,0.144557,0.447459,0.039312,0.389395,0.402341,0.710446,0.908049,0.335173,0.634758,0.947307,0.869505,0.135913,0.075273,0.639134,0.235951,0.704624,0.732758,0.78883,0.301012
Model 41,0.344506,0.694798,0.900039,0.337799,0.396024,0.999457,0.377676,0.139349,0.627865,0.54375,0.016078,0.461741,0.740321,0.125523,0.276717,0.543806,0.525283,0.219804,0.712732,0.916771,0.040942,0.808684,0.286527,0.12811,0.587657,0.498237,0.427968,0.389694,0.683251,0.297266,0.512294,0.632763,0.828914,0.415788,0.884959,0.660122,0.204245,0.202445,0.856229,0.451112,0.532232,0.425621,0.025662,0.832241,0.844576,0.24059,0.565002,0.533581,0.336861,0.749549,0.393494,0.476715,0.948935,0.820838,0.755154,0.249554,0.236085,0.85602,0.604237,0.092839,0.968979,0.925796,0.083264,0.133528,0.815743,0.803827,0.39515,0.692687,0.319369,0.07196,0.448963,0.57682,0.483478,0.641616,0.926692,0.913235,0.516429,0.331082,0.209114,0.050681,0.545842,0.095585,0.763664,0.281982,0.796568,0.33876,0.55564,0.252511,0.070155,0.762855,0.618333,0.438388,0.161502,0.811988,0.316066,0.478802,0.103816,0.051997,0.6159,0.230801
Model 42,0.277246,0.661257,0.825756,0.954055,0.998148,0.795154,0.59224,0.310461,0.658039,0.760042,0.483438,0.986019,0.830145,0.8307,0.433439,0.751861,0.218138,0.660858,0.023088,0.673831,0.095453,0.087702,0.453243,0.759097,0.82501,0.962255,0.698986,0.594051,0.288375,0.962654,0.976615,0.600126,0.125822,0.936414,0.385641,0.153115,0.428592,0.577038,0.561324,0.189584,0.628821,0.284738,0.533879,0.227799,0.555016,0.670062,0.05568,0.706191,0.56344,0.737102,0.608979,0.73136,0.140003,0.329001,0.764376,0.412101,0.273112,0.552717,0.850822,0.989061,0.984232,0.23509,0.406201,0.9804,0.945323,0.33682,0.911721,0.732615,0.925319,0.974436,0.486509,0.721886,0.462126,0.049194,0.60631,0.516915,0.461589,0.215501,0.661734,0.380363,0.765986,0.213145,0.203894,0.127995,0.598022,0.495066,0.920712,0.996475,0.618614,0.521219,0.157173,0.274656,0.702889,0.465738,0.215927,0.045297,0.085991,0.959056,0.383914,0.045763
Model 43,0.935393,0.760544,0.819939,0.807652,0.18606,0.989289,0.915485,0.44481,0.236405,0.562623,0.774541,0.722619,0.419242,0.196823,0.564806,0.181055,0.740902,0.964129,0.862978,0.211346,0.143683,0.155689,0.818939,0.350304,0.122565,0.214395,0.834427,0.067644,0.977369,0.801803,0.737238,0.839773,0.280629,0.661508,0.226456,0.010181,0.531958,0.064624,0.662925,0.859761,0.213648,0.790788,0.947071,0.54211,0.558963,0.217386,0.827148,0.40891,0.115176,0.769416,0.189418,0.940991,0.845852,0.906476,0.439006,0.991613,0.563055,0.042578,0.841829,0.13009,0.315458,0.543388,0.266166,0.560793,0.859749,0.882514,0.829992,0.403963,0.455508,0.210967,0.76294,0.129298,0.569355,0.015797,0.144326,0.985189,0.006075,0.660764,0.450277,0.149909,0.832106,0.372402,0.119956,0.676163,0.947407,0.198054,0.657651,0.231601,0.927487,0.405792,0.117237,0.865772,0.98894,0.616066,0.871437,0.879256,0.566901,0.802028,0.101045,0.720445
Model 44,0.739142,0.667802,0.061701,0.465981,0.092911,0.596717,0.551503,0.39823,0.498384,0.78771,0.99866,0.623851,0.533111,0.855174,0.077469,0.186196,0.064425,0.614125,0.105879,0.517288,0.488114,0.344566,0.33669,0.37417,0.791689,0.550984,0.286657,0.568369,0.452217,0.340199,0.892276,0.137302,0.446442,0.15561,0.988489,0.665611,0.72897,0.898544,0.344835,0.62993,0.365781,0.576363,0.881887,0.07294,0.234526,0.738294,0.495427,0.287519,0.637952,0.806363,0.279316,0.718045,0.374081,0.168631,0.716588,0.745458,0.202659,0.716365,0.682477,0.008134,0.331732,0.654528,0.677842,0.93213,0.009906,0.849953,0.710198,0.127754,0.641046,0.029683,0.78867,0.601118,0.674202,0.385979,0.471378,0.265742,0.304922,0.363133,0.625564,0.975233,0.839848,0.932327,0.97941,0.635213,0.619903,0.457623,0.702892,0.751946,0.976448,0.027816,0.10693,0.042828,0.87012,0.508701,0.140724,0.033015,0.295919,0.533055,0.284174,0.344361
Model 45,0.653059,0.98566,0.041247,0.811814,0.725899,0.848845,0.695721,0.36123,0.568725,0.974742,0.994795,0.953905,0.739668,0.976091,0.840515,0.981325,0.434052,0.631312,0.798982,0.38843,0.485165,0.309102,0.580933,0.672718,0.250217,0.736193,0.339602,0.053689,0.421961,0.406187,0.429596,0.730288,0.583413,0.469413,0.818101,0.273885,0.347657,0.983879,0.449393,0.568432,0.169917,0.783426,0.546736,0.322145,0.136242,0.179684,0.391198,0.008569,0.148258,0.384524,0.968906,0.444972,0.899249,0.643254,0.88315,0.788653,0.849606,0.181191,0.009118,0.997094,0.278026,0.731904,0.648367,0.96638,0.203134,0.048834,0.556196,0.844154,0.429473,0.821482,0.439236,0.15671,0.840748,0.602509,0.291806,0.693242,0.651442,0.187243,0.204582,0.023002,0.141452,0.228655,0.67139,0.753797,0.695099,0.054534,0.472145,0.891664,0.884149,0.255646,0.80727,0.860203,0.563451,0.981064,0.792912,0.091098,0.772915,0.201395,0.149943,0.008701
Model 46,0.448579,0.463547,0.649697,0.422722,0.156497,0.778042,0.179725,0.480056,0.046101,0.90082,0.214502,0.370471,0.700981,0.298584,0.550289,0.200231,0.443444,0.388344,0.670194,0.476959,0.925951,0.105411,0.576161,0.492552,0.659091,0.323224,0.651339,0.483175,0.796449,0.712703,0.236217,0.335214,0.694733,0.240623,0.041116,0.978376,0.118685,0.657332,0.463705,0.467259,0.760241,0.716666,0.542693,0.532118,0.244299,0.033224,0.918563,0.179515,0.821371,0.259264,0.906728,0.47943,0.023353,0.905672,0.192963,0.181987,0.854079,0.884218,0.074025,0.106179,0.263214,0.205313,0.644872,0.790072,0.629958,0.219674,0.029241,0.628041,0.897438,0.833197,0.900036,0.888304,0.61239,0.995624,0.077645,0.373266,0.841329,0.704484,0.922743,0.413133,0.779866,0.873835,0.029102,0.925762,0.036244,0.458069,0.765447,0.699526,0.190058,0.299611,0.911724,0.624296,0.783703,0.704852,0.908658,0.797474,0.525299,0.265213,0.645441,0.73374
Model 47,0.368332,0.573314,0.905074,0.893023,0.564711,0.787914,0.924881,0.553835,0.491746,0.558302,0.89549,0.651387,0.76001,0.474191,0.79523,0.814336,0.436956,0.226843,0.251339,0.525076,0.980865,0.209875,0.078348,0.345648,0.647085,0.71094,0.779652,0.417678,0.845202,0.84777,0.554159,0.785353,0.809452,0.514711,0.949184,0.278094,0.834067,0.178361,0.166645,0.470362,0.406879,0.470044,0.522416,0.115993,0.32992,0.886345,0.077118,0.157152,0.737251,0.067287,0.121159,0.83335,0.06982,0.936,0.548638,0.814817,0.338639,0.763981,0.626266,0.247142,0.60388,0.982154,0.202993,0.257331,0.483384,0.399035,0.209042,0.276406,0.446609,0.909893,0.203605,0.059179,0.933858,0.322906,0.210522,0.848251,0.962384,0.569507,0.528963,0.6234,0.056841,0.459952,0.02954,0.2859,0.861837,0.445651,0.636879,0.091878,0.251177,0.322479,0.692307,0.504481,0.644385,0.474612,0.396672,0.288819,0.417791,0.230337,0.156902,0.775343
Model 48,0.023083,0.631846,0.117133,0.296985,0.331139,0.405205,0.735789,0.676153,0.996808,0.167691,0.457087,0.739164,0.80343,0.512227,0.365491,0.863864,0.832894,0.981204,0.482323,0.079527,0.531965,0.051808,0.375963,0.186186,0.489358,0.246741,0.751668,0.654881,0.971251,0.966652,0.064778,0.030008,0.079622,0.702673,0.400214,0.503631,0.022952,0.066994,0.209127,0.060321,0.469823,0.672871,0.385619,0.529343,0.26921,0.933639,0.755027,0.972211,0.555121,0.079723,0.554165,0.562838,0.762819,0.012248,0.612294,0.096016,0.227829,0.242669,0.119319,0.179576,0.033055,0.346284,0.202757,0.721907,0.629644,0.585614,0.228835,0.508729,0.276542,0.265608,0.952762,0.175899,0.878618,0.372956,0.483519,0.66469,0.449381,0.514243,0.075047,0.545698,0.917543,0.856341,0.545403,0.270411,0.5447,0.693609,0.348181,0.299268,0.613205,0.157611,0.642348,0.796637,0.135939,0.560188,0.279419,0.66827,0.191108,0.507561,0.488389,0.42821
Model 49,0.366339,0.636789,0.221643,0.800338,0.772169,0.36377,0.684884,0.897079,0.148305,0.068399,0.235085,0.540684,0.293877,0.579595,0.8244,0.08436,0.041007,0.829853,0.099371,0.671748,0.743113,0.971879,0.322215,0.679598,0.5269,0.607697,0.63322,0.581364,0.097447,0.821328,0.637512,0.312368,0.972927,0.195518,0.291294,0.005512,0.648448,0.336654,0.559834,0.96447,0.326254,0.799938,0.085054,0.865773,0.967516,0.623574,0.477143,0.918742,0.289958,0.809121,0.950758,0.260642,0.716263,0.757013,0.866837,0.437646,0.799083,0.714966,0.881997,0.832547,0.573824,0.899248,0.286348,0.44689,0.426693,0.206283,0.198601,0.540968,0.361187,0.893913,0.000143,0.814081,0.52217,0.669472,0.812793,0.903559,0.812223,0.699538,0.325512,0.744206,0.900171,0.066625,0.501656,0.800379,0.528773,0.899132,0.012519,0.10897,0.118606,0.986895,0.975806,0.475773,0.825757,0.992487,0.256709,0.236964,0.018302,0.774228,0.164257,0.940859
Model 50,0.634283,0.774309,0.316899,0.267611,0.851699,0.004223,0.427736,0.258739,0.922453,0.303631,0.802519,0.565603,0.738715,0.642096,0.336672,0.725391,0.355771,0.694789,0.119295,0.362833,0.425104,0.015993,0.414514,0.87915,0.551198,0.461231,0.55584,0.325614,0.515676,0.994183,0.037383,0.986804,0.551528,0.27605,0.185563,0.411928,0.383108,0.356841,0.164486,0.715636,0.323281,0.205462,0.402655,0.287533,0.576732,0.478394,0.79165,0.390367,0.269546,0.387762,0.473991,0.955763,0.274456,0.420581,0.240534,0.895941,0.564537,0.913304,0.124844,0.474458,0.864798,0.305748,0.847956,0.076801,0.788871,0.349429,0.637165,0.203281,0.580079,0.804875,0.365521,0.077379,0.544544,0.170329,0.258567,0.834109,0.301906,0.628016,0.833771,0.64014,0.043337,0.729203,0.714324,0.067868,0.691732,0.295161,0.62325,0.461602,0.003713,0.836904,0.927527,0.500449,0.636094,0.02851,0.789843,0.845337,0.470782,0.84338,0.120187,0.180462
